index,Best Performance
0,0.332
1,0.386
2,0.663
3,0.323
4,0.302
5,0.292
6,0.424
7,0.354
8,0.481
9,0.385
10,0.51
11,0.324
12,0.745
13,0.547
14,0.302
15,0.398
16,0.339
17,0.408
18,0.423
19,0.489
20,0.715
21,0.487
22,0.445
23,0.37
24,0.48
25,0.254
26,0.326
27,0.466
28,0.234
29,0.646
30,0.148
31,0.442
32,0.349
33,0.32
34,0.482
35,0.427
36,0.254
37,0.768
38,0.393
39,0.326
40,0.456
41,0.374
42,0.181
43,0.539
44,0.502
45,0.403
46,0.349
47,0.369
48,0.548
49,0.419
50,0.306
51,0.409
52,0.45
53,0.565
54,0.386
55,0.447
56,0.138
57,0.413
58,0.469
59,0.204
60,0.397
61,0.433
62,0.647
63,0.314
64,0.225
65,0.428
66,0.393
67,0.5
68,0.398
69,0.624
70,0.414
71,0.396
72,0.536
73,0.332
74,0.362
75,0.423
76,0.387
77,0.369
78,0.524
79,0.318
80,0.259
81,0.361
82,0.466
83,0.513
84,0.362
85,0.28
86,0.418
87,0.351
88,0.413
89,0.327
90,0.494
91,0.498
92,0.259
93,0.266
94,0.476
95,0.671
96,0.553
97,0.33
98,0.349
99,0.491
100,0.486
101,0.438
102,0.502
103,0.275
104,0.533
105,0.411
106,0.365
107,0.51
108,0.374
109,0.428
110,0.373
111,0.536
112,0.213
113,0.301
114,0.176
115,0.317
116,0.351
117,0.254
118,0.347
119,0.231
120,0.42
121,0.441
122,0.406
123,0.441
124,0.206
125,0.474
126,0.647
127,0.408
128,0.438
129,0.548
130,0.173
131,0.351
132,0.456
133,0.288
134,0.421
135,0.374
136,0.263
137,0.372
138,0.395
139,0.41
140,0.477
141,0.292
142,0.436
143,0.396
144,0.118
145,0.548
146,0.441
147,0.248
148,0.492
149,0.303
150,0.267
151,0.445
152,0.415
153,0.284
154,0.184
155,0.403
156,0.572
157,0.375
158,0.638
159,0.519
160,0.37
161,0.467
162,0.404
163,0.494
164,0.434
165,0.302
166,0.484
167,0.316
168,0.49
169,0.474
170,0.596
171,0.328
172,0.541
173,0.422
174,0.418
175,0.307
176,0.495
177,0.294
178,0.48
179,0.309
180,0.424
181,0.123
182,0.302
183,0.28
184,0.454
185,0.25
186,0.536
187,0.499
188,0.275
189,0.374
190,0.282
191,0.528
192,0.394
193,0.457
194,0.471
195,0.128
196,0.328
197,0.445
198,0.454
199,0.289
200,0.48
201,0.443
202,0.157
203,0.438
204,0.387
205,0.473
206,0.68
207,0.373
208,0.324
209,0.449
210,0.248
211,0.453
212,0.474
213,0.23
214,0.488
215,0.401
216,0.221
217,0.304
218,0.287
219,0.472
220,0.528
221,0.39
222,0.407
223,0.437
224,0.403
225,0.443
226,0.496
227,0.448
228,0.349
229,0.36
230,0.437
231,0.25
232,0.321
233,0.403
234,0.418
235,0.523
236,0.346
237,0.478
238,0.562
239,0.468
240,0.114
241,0.468
242,0.405
243,0.548
244,0.305
245,0.267
246,0.54
247,0.34
248,0.156
249,0.564
250,0.299
251,0.381
252,0.353
253,0.27
254,0.464
255,0.373
256,0.365
257,0.252
258,0.492
259,0.425
260,0.422
261,0.54
262,0.363
263,0.368
264,0.561
265,0.388
266,0.365
267,0.454
268,0.439
269,0.334
270,0.184
271,0.272
272,0.621
273,0.481
274,0.416
275,0.528
276,0.328
277,0.221
278,0.427
279,0.542
280,0.363
281,0.619
282,0.237
283,0.377
284,0.421
285,0.496
286,0.384
287,0.312
288,0.254
289,0.368
290,0.463
291,0.404
292,0.462
293,0.522
294,0.279
295,0.434
296,0.435
297,0.553
298,0.306
299,0.276
300,0.433
301,0.438
302,0.339
303,0.588
304,0.562
305,0.407
306,0.478
307,0.273
308,0.599
309,0.389
310,0.389
311,0.594
312,0.323
313,0.458
314,0.305
315,0.383
316,0.355
317,0.152
318,0.44
319,0.337
320,0.443
321,0.242
322,0.444
323,0.241
324,0.321
325,0.344
326,0.253
327,0.501
328,0.435
329,0.297
330,0.227
331,0.509
332,0.457
333,0.438
334,0.336
335,0.428
336,0.448
337,0.409
338,0.747
339,0.446
340,0.401
341,0.603
342,0.375
343,0.486
344,0.402
345,0.408
346,0.489
347,0.351
348,0.343
349,0.362
350,0.436
351,0.446
352,0.622
353,0.374
354,0.336
355,0.225
356,0.273
357,0.767
358,0.341
359,0.402
360,0.456
361,0.276
362,0.32
363,0.436
364,0.633
365,0.472
366,0.371
367,0.278
368,0.365
369,0.379
370,0.486
371,0.479
372,0.135
373,0.446
374,0.377
375,0.171
376,0.392
377,0.454
378,0.19
379,0.679
380,0.525
381,0.386
382,0.723
383,0.647
384,0.419
385,0.409
386,0.519
387,0.343
388,0.309
389,0.4
390,0.24
391,0.577
392,0.205
393,0.51
394,0.442
395,0.555
396,0.556
397,0.48
398,0.424
399,0.387
400,0.388
401,0.384
402,0.458
403,0.538
404,0.426
405,0.451
406,0.507
407,0.383
408,0.309
409,0.304
410,0.371
411,0.547
412,0.495
413,0.428
414,0.278
415,0.38
416,0.499
417,0.45
418,0.292
419,0.488
420,0.611
421,0.328
422,0.194
423,0.43
424,0.245
425,0.439
426,0.528
427,0.502
428,0.496
429,0.504
430,0.377
431,0.597
432,0.211
433,0.333
434,0.555
435,0.427
436,0.356
437,0.507
438,0.394
439,0.362
440,0.482
441,0.41
442,0.335
443,0.508
444,0.323
445,0.156
446,0.471
447,0.396
448,0.354
449,0.407
450,0.424
451,0.518
452,0.231
453,0.397
454,0.38
455,0.359
456,0.345
457,0.394
458,0.32
459,0.56
460,0.223
461,0.295
462,0.425
463,0.325
464,0.377
465,0.434
466,0.194
467,0.303
468,0.659
469,0.209
470,0.476
471,0.353
472,0.444
473,0.467
474,0.388
475,0.364
476,0.395
477,0.462
478,0.626
479,0.342
480,0.396
481,0.252
482,0.305
483,0.535
484,0.389
485,0.329
486,0.363
487,0.384
488,0.401
489,0.524
490,0.416
491,0.335
492,0.331
493,0.48
494,0.276
495,0.321
496,0.403
497,0.537
498,0.421
499,0.595
500,0.281
501,0.35
502,0.543
503,0.321
504,0.335
505,0.412
506,0.532
507,0.315
508,0.403
509,0.406
510,0.373
511,0.618
512,0.507
513,0.395
514,0.314
515,0.261
516,0.343
517,0.576
518,0.382
519,0.46
520,0.453
521,0.647
522,0.324
523,0.201
524,0.31
525,0.312
526,0.569
527,0.433
528,0.494
529,0.265
530,0.555
531,0.291
532,0.355
533,0.323
534,0.343
535,0.491
536,0.38
537,0.337
538,0.509
539,0.105
540,0.504
541,0.313
542,0.227
543,0.487
544,0.373
545,0.316
546,0.529
547,0.404
548,0.267
549,0.586
550,0.254
551,0.415
552,0.217
553,0.578
554,0.528
555,0.517
556,0.35
557,0.704
558,0.332
559,0.371
560,0.444
561,0.42
562,0.366
563,0.481
564,0.45
565,0.512
566,0.253
567,0.375
568,0.385
569,0.411
570,0.285
571,0.477
572,0.188
573,0.302
574,0.268
575,0.373
576,0.43
577,0.294
578,0.172
579,0.432
580,0.415
581,0.552
582,0.381
583,0.318
584,0.367
585,0.467
586,0.448
587,0.478
588,0.377
589,0.303
590,0.309
591,0.403
592,0.46
593,0.27
594,0.569
595,0.425
596,0.227
597,0.345
598,0.358
599,0.551
600,0.526
601,0.354
602,0.386
603,0.458
604,0.3
605,0.422
606,0.226
607,0.535
608,0.345
609,0.451
610,0.358
611,0.39
612,0.45
613,0.316
614,0.211
615,0.288
616,0.303
617,0.397
618,0.479
619,0.326
620,0.341
621,0.261
622,0.417
623,0.35
624,0.474
625,0.445
626,0.759
627,0.342
628,0.288
629,0.451
630,0.524
631,0.468
632,0.461
633,0.649
634,0.403
635,0.459
636,0.276
637,0.468
638,0.459
639,0.349
640,0.466
641,0.291
642,0.311
643,0.24
644,0.483
645,0.312
646,0.459
647,0.414
648,0.439
649,0.255
650,0.481
651,0.519
652,0.43
653,0.361
654,0.437
655,0.466
656,0.364
657,0.306
658,0.427
659,0.445
660,0.511
661,0.401
662,0.275
663,0.461
664,0.55
665,0.619
666,0.532
667,0.458
668,0.466
669,0.543
670,0.527
671,0.237
672,0.22
673,0.494
674,0.299
675,0.679
676,0.312
677,0.531
678,0.2
679,0.247
680,0.4
681,0.292
682,0.446
683,0.377
684,0.302
685,0.617
686,0.419
687,0.379
688,0.476
689,0.398
690,0.268
691,0.424
692,0.46
693,0.263
694,0.397
695,0.485
696,0.398
697,0.566
698,0.553
699,0.432
700,0.332
701,0.582
702,0.393
703,0.501
704,0.345
705,0.297
706,0.265
707,0.379
708,0.379
709,0.505
710,0.45
711,0.22
712,0.465
713,0.287
714,0.544
715,0.452
716,0.298
717,0.369
718,0.405
719,0.531
720,0.5
721,0.407
722,0.439
723,0.208
724,0.531
725,0.442
726,0.388
727,0.267
728,0.584
729,0.365
730,0.575
731,0.697
732,0.497
733,0.367
734,0.481
735,0.452
736,0.374
737,0.466
738,0.352
739,0.424
740,0.446
741,0.407
742,0.31
743,0.209
744,0.206
745,0.353
746,0.469
747,0.375
748,0.54
749,0.45
750,0.424
751,0.219
752,0.518
753,0.282
754,0.322
755,0.364
756,0.504
757,0.546
758,0.305
759,0.315
760,0.551
761,0.369
762,0.321
763,0.31
764,0.527
765,0.328
766,0.469
767,0.387
768,0.391
769,0.473
770,0.374
771,0.501
772,0.501
773,0.355
774,0.315
775,0.176
776,0.387
777,0.302
778,0.591
779,0.594
780,0.374
781,0.39
782,0.547
783,0.34
784,0.432
785,0.18
786,0.528
787,0.465
788,0.289
789,0.26
790,0.519
791,0.42
792,0.405
793,0.176
794,0.366
795,0.418
796,0.447
797,0.319
798,0.321
799,0.439
800,0.669
801,0.414
802,0.421
803,0.393
804,0.294
805,0.374
806,0.315
807,0.337
808,0.304
809,0.193
810,0.274
811,0.427
812,0.431
813,0.3
814,0.436
815,0.299
816,0.187
817,0.613
818,0.542
819,0.483
820,0.33
821,0.677
822,0.343
823,0.496
824,0.412
825,0.301
826,0.371
827,0.332
828,0.469
829,0.457
830,0.558
831,0.197
832,0.265
833,0.247
834,0.359
835,0.449
836,0.444
837,0.604
838,0.395
839,0.49
840,0.311
841,0.454
842,0.261
843,0.319
844,0.468
845,0.274
846,0.438
847,0.287
848,0.473
849,0.473
850,0.513
851,0.311
852,0.537
853,0.382
854,0.331
855,0.353
856,0.445
857,0.398
858,0.339
859,0.357
860,0.361
861,0.591
862,0.351
863,0.276
864,0.428
865,0.39
866,0.545
867,0.302
868,0.45
869,0.351
870,0.547
871,0.196
872,0.311
873,0.288
874,0.28
875,0.513
876,0.336
877,0.291
878,0.399
879,0.685
880,0.345
881,0.587
882,0.351
883,0.289
884,0.164
885,0.396
886,0.363
887,0.498
888,0.2
889,0.277
890,0.45
891,0.601
892,0.392
893,0.463
894,0.33
895,0.286
896,0.516
897,0.294
898,0.595
899,0.435
900,0.386
901,0.282
902,0.249
903,0.204
904,0.328
905,0.492
906,0.38
907,0.365
908,0.23
909,0.324
910,0.466
911,0.488
912,0.245
913,0.617
914,0.417
915,0.511
916,0.27
917,0.269
918,0.51
919,0.283
920,0.352
921,0.44
922,0.417
923,0.333
924,0.406
925,0.585
926,0.349
927,0.467
928,0.454
929,0.261
930,0.245
931,0.551
932,0.144
933,0.319
934,0.416
935,0.441
936,0.43
937,0.256
938,0.388
939,0.329
940,0.392
941,0.365
942,0.37
943,0.509
944,0.425
945,0.328
946,0.305
947,0.33
948,0.37
949,0.258
950,0.316
951,0.416
952,0.391
953,0.382
954,0.413
955,0.354
956,0.771
957,0.496
958,0.538
959,0.369
960,0.449
961,0.571
962,0.492
963,0.252
964,0.227
965,0.387
966,0.414
967,0.442
968,0.294
969,0.367
970,0.402
971,0.383
972,0.38
973,0.322
974,0.436
975,0.369
976,0.284
977,0.38
978,0.209
979,0.143
980,0.634
981,0.386
982,0.366
983,0.411
984,0.293
985,0.276
986,0.437
987,0.489
988,0.395
989,0.397
990,0.366
991,0.33
992,0.47
993,0.278
994,0.332
995,0.298
996,0.428
997,0.281
998,0.426
999,0.294
1000,0.38
1001,0.577
1002,0.416
1003,0.481
1004,0.4
1005,0.439
1006,0.234
1007,0.379
1008,0.388
1009,0.483
1010,0.451
1011,0.342
1012,0.561
1013,0.47
1014,0.475
1015,0.309
1016,0.29
1017,0.483
1018,0.472
1019,0.59
1020,0.47
1021,0.274
1022,0.4
1023,0.327
1024,0.426
1025,0.461
1026,0.495
1027,0.462
1028,0.199
1029,0.48
1030,0.26
1031,0.205
1032,0.303
1033,0.157
1034,0.329
1035,0.435
1036,0.574
1037,0.207
1038,0.346
1039,0.418
1040,0.56
1041,0.336
1042,0.453
1043,0.432
1044,0.133
1045,0.418
1046,0.195
1047,0.364
1048,0.431
1049,0.38
1050,0.795
1051,0.419
1052,0.337
1053,0.543
1054,0.458
1055,0.275
1056,0.495
1057,0.533
1058,0.357
1059,0.696
1060,0.354
1061,0.346
1062,0.364
1063,0.506
1064,0.378
1065,0.448
1066,0.429
1067,0.469
1068,0.389
1069,0.292
1070,0.294
1071,0.649
1072,0.405
1073,0.332
1074,0.414
1075,0.28
1076,0.387
1077,0.332
1078,0.385
1079,0.178
1080,0.341
1081,0.298
1082,0.261
1083,0.315
1084,0.475
1085,0.164
1086,0.362
1087,0.589
1088,0.348
1089,0.424
1090,0.415
1091,0.237
1092,0.579
1093,0.358
1094,0.542
1095,0.476
1096,0.316
1097,0.433
1098,0.208
1099,0.339
1100,0.316
1101,0.512
1102,0.393
1103,0.433
1104,0.492
1105,0.438
1106,0.568
1107,0.33
1108,0.46
1109,0.466
1110,0.271
1111,0.415
1112,0.394
1113,0.334
1114,0.43
1115,0.589
1116,0.477
1117,0.466
1118,0.232
1119,0.312
1120,0.449
1121,0.637
1122,0.333
1123,0.33
1124,0.57
1125,0.427
1126,0.385
1127,0.346
1128,0.469
1129,0.236
1130,0.42
1131,0.158
1132,0.46
1133,0.444
1134,0.421
1135,0.509
1136,0.457
1137,0.336
1138,0.463
1139,0.406
1140,0.361
1141,0.493
1142,0.401
1143,0.317
1144,0.42
1145,0.306
1146,0.459
1147,0.257
1148,0.444
1149,0.282
1150,0.347
1151,0.362
1152,0.451
1153,0.417
1154,0.335
1155,0.183
1156,0.372
1157,0.437
1158,0.314
1159,0.273
1160,0.244
1161,0.371
1162,0.289
1163,0.332
1164,0.55
1165,0.378
1166,0.386
1167,0.524
1168,0.413
1169,0.384
1170,0.371
1171,0.512
1172,0.43
1173,0.477
1174,0.348
1175,0.505
1176,0.439
1177,0.755
1178,0.54
1179,0.183
1180,0.432
1181,0.24
1182,0.437
1183,0.425
1184,0.507
1185,0.42
1186,0.416
1187,0.476
1188,0.114
1189,0.358
1190,0.446
1191,0.43
1192,0.603
1193,0.488
1194,0.582
1195,0.332
1196,0.448
1197,0.373
1198,0.475
1199,0.429
1200,0.249
1201,0.318
1202,0.232
1203,0.404
1204,0.265
1205,0.612
1206,0.514
1207,0.61
1208,0.271
1209,0.525
1210,0.396
1211,0.667
1212,0.648
1213,0.342
1214,0.38
1215,0.442
1216,0.253
1217,0.563
1218,0.613
1219,0.369
1220,0.387
1221,0.428
1222,0.423
1223,0.37
1224,0.205
1225,0.443
1226,0.301
1227,0.339
1228,0.413
1229,0.497
1230,0.464
1231,0.477
1232,0.332
1233,0.492
1234,0.427
1235,0.29
1236,0.568
1237,0.367
1238,0.256
1239,0.319
1240,0.346
1241,0.453
1242,0.391
1243,0.416
1244,0.315
1245,0.665
1246,0.281
1247,0.333
1248,0.557
1249,0.41
1250,0.446
1251,0.168
1252,0.53
1253,0.497
1254,0.294
1255,0.496
1256,0.408
1257,0.393
1258,0.435
1259,0.453
1260,0.615
1261,0.326
1262,0.432
1263,0.539
1264,0.492
1265,0.624
1266,0.366
1267,0.297
1268,0.343
1269,0.471
1270,0.431
1271,0.385
1272,0.419
1273,0.503
1274,0.291
1275,0.365
1276,0.481
1277,0.359
1278,0.375
1279,0.424
1280,0.306
1281,0.167
1282,0.219
1283,0.176
1284,0.403
1285,0.41
1286,0.363
1287,0.362
1288,0.473
1289,0.504
1290,0.462
1291,0.52
1292,0.375
1293,0.379
1294,0.371
1295,0.564
1296,0.696
1297,0.33
1298,0.477
1299,0.474
1300,0.459
1301,0.445
1302,0.266
1303,0.434
1304,0.275
1305,0.331
1306,0.486
1307,0.474
1308,0.392
1309,0.544
1310,0.449
1311,0.588
1312,0.4
1313,0.516
1314,0.404
1315,0.456
1316,0.263
1317,0.371
1318,0.364
1319,0.223
1320,0.254
1321,0.439
1322,0.429
1323,0.471
1324,0.273
1325,0.48
1326,0.61
1327,0.36
1328,0.576
1329,0.544
1330,0.435
1331,0.348
1332,0.309
1333,0.493
1334,0.206
1335,0.555
1336,0.23
1337,0.588
1338,0.513
1339,0.405
1340,0.43
1341,0.381
1342,0.252
1343,0.526
1344,0.429
1345,0.167
1346,0.291
1347,0.402
1348,0.338
1349,0.462
1350,0.463
1351,0.376
1352,0.409
1353,0.363
1354,0.475
1355,0.261
1356,0.475
1357,0.21
1358,0.36
1359,0.365
1360,0.34
1361,0.303
1362,0.453
1363,0.344
1364,0.367
1365,0.279
1366,0.522
1367,0.565
1368,0.522
1369,0.504
1370,0.692
1371,0.319
1372,0.371
1373,0.488
1374,0.467
1375,0.323
1376,0.246
1377,0.286
1378,0.328
1379,0.551
1380,0.345
1381,0.655
1382,0.367
1383,0.25
1384,0.48
1385,0.351
1386,0.304
1387,0.292
1388,0.505
1389,0.372
1390,0.338
1391,0.311
1392,0.425
1393,0.451
1394,0.48
1395,0.441
1396,0.582
1397,0.407
1398,0.477
1399,0.441
1400,0.524
1401,0.397
1402,0.402
1403,0.443
1404,0.135
1405,0.332
1406,0.446
1407,0.44
1408,0.275
1409,0.215
1410,0.394
1411,0.372
1412,0.357
1413,0.36
1414,0.38
1415,0.228
1416,0.173
1417,0.47
1418,0.426
1419,0.304
1420,0.402
1421,0.453
1422,0.317
1423,0.525
1424,0.439
1425,0.714
1426,0.315
1427,0.313
1428,0.432
1429,0.562
1430,0.422
1431,0.435
1432,0.477
1433,0.522
1434,0.473
1435,0.339
1436,0.246
1437,0.432
1438,0.29
1439,0.45
1440,0.386
1441,0.419
1442,0.297
1443,0.154
1444,0.243
1445,0.51
1446,0.617
1447,0.41
1448,0.342
1449,0.266
1450,0.558
1451,0.525
1452,0.436
1453,0.305
1454,0.339
1455,0.356
1456,0.411
1457,0.235
1458,0.135
1459,0.336
1460,0.312
1461,0.676
1462,0.415
1463,0.634
1464,0.516
1465,0.508
1466,0.364
1467,0.429
1468,0.518
1469,0.335
1470,0.524
1471,0.416
1472,0.448
1473,0.401
1474,0.439
1475,0.248
1476,0.2
1477,0.516
1478,0.298
1479,0.23
1480,0.758
1481,0.387
1482,0.545
1483,0.584
1484,0.447
1485,0.425
1486,0.502
1487,0.551
1488,0.482
1489,0.343
1490,0.396
1491,0.554
1492,0.608
1493,0.404
1494,0.369
1495,0.46
1496,0.4
1497,0.201
1498,0.378
1499,0.529
1500,0.315
1501,0.331
1502,0.656
1503,0.294
1504,0.243
1505,0.403
1506,0.458
1507,0.516
1508,0.333
1509,0.401
1510,0.56
1511,0.371
1512,0.288
1513,0.34
1514,0.461
1515,0.331
1516,0.538
1517,0.493
1518,0.341
1519,0.453
1520,0.569
1521,0.336
1522,0.345
1523,0.37
1524,0.227
1525,0.39
1526,0.694
1527,0.609
1528,0.484
1529,0.474
1530,0.416
1531,0.32
1532,0.372
1533,0.293
1534,0.445
1535,0.553
1536,0.382
1537,0.391
1538,0.511
1539,0.354
1540,0.543
1541,0.307
1542,0.412
1543,0.422
1544,0.327
1545,0.203
1546,0.246
1547,0.339
1548,0.39
1549,0.342
1550,0.465
1551,0.454
1552,0.327
1553,0.459
1554,0.359
1555,0.257
1556,0.313
1557,0.314
1558,0.461
1559,0.346
1560,0.365
1561,0.632
1562,0.523
1563,0.428
1564,0.232
1565,0.455
1566,0.709
1567,0.274
1568,0.219
1569,0.382
1570,0.292
1571,0.224
1572,0.468
1573,0.516
1574,0.491
1575,0.707
1576,0.601
1577,0.546
1578,0.267
1579,0.457
1580,0.395
1581,0.35
1582,0.538
1583,0.259
1584,0.278
1585,0.437
1586,0.327
1587,0.448
1588,0.314
1589,0.249
1590,0.473
1591,0.448
1592,0.46
1593,0.335
1594,0.306
1595,0.258
1596,0.734
1597,0.297
1598,0.389
1599,0.422
1600,0.459
1601,0.29
1602,0.296
1603,0.53
1604,0.358
1605,0.424
1606,0.519
1607,0.543
1608,0.467
1609,0.237
1610,0.553
1611,0.171
1612,0.422
1613,0.545
1614,0.409
1615,0.309
1616,0.425
1617,0.432
1618,0.265
1619,0.403
1620,0.474
1621,0.417
1622,0.333
1623,0.467
1624,0.124
1625,0.381
1626,0.352
1627,0.285
1628,0.433
1629,0.425
1630,0.307
1631,0.427
1632,0.683
1633,0.498
1634,0.4
1635,0.578
1636,0.381
1637,0.289
1638,0.417
1639,0.391
1640,0.287
1641,0.545
1642,0.373
1643,0.37
1644,0.444
1645,0.399
1646,0.479
1647,0.36
1648,0.456
1649,0.368
1650,0.434
1651,0.499
1652,0.531
1653,0.372
1654,0.379
1655,0.394
1656,0.458
1657,0.204
1658,0.48
1659,0.375
1660,0.342
1661,0.453
1662,0.286
1663,0.343
1664,0.504
1665,0.345
1666,0.462
1667,0.263
1668,0.416
1669,0.405
1670,0.37
1671,0.458
1672,0.51
1673,0.518
1674,0.385
1675,0.418
1676,0.438
1677,0.377
1678,0.434
1679,0.422
1680,0.447
1681,0.495
1682,0.331
1683,0.401
1684,0.385
1685,0.487
1686,0.501
1687,0.413
1688,0.533
1689,0.466
1690,0.275
1691,0.479
1692,0.321
1693,0.478
1694,0.369
1695,0.353
1696,0.441
1697,0.48
1698,0.18
1699,0.382
1700,0.274
1701,0.483
1702,0.427
1703,0.449
1704,0.458
1705,0.423
1706,0.403
1707,0.322
1708,0.444
1709,0.202
1710,0.263
1711,0.41
1712,0.597
1713,0.305
1714,0.174
1715,0.486
1716,0.441
1717,0.495
1718,0.385
1719,0.316
1720,0.364
1721,0.343
1722,0.267
1723,0.36
1724,0.323
1725,0.529
1726,0.464
1727,0.485
1728,0.256
1729,0.382
1730,0.488
1731,0.376
1732,0.675
1733,0.299
1734,0.421
1735,0.215
1736,0.36
1737,0.544
1738,0.552
1739,0.398
1740,0.368
1741,0.477
1742,0.347
1743,0.467
1744,0.35
1745,0.354
1746,0.562
1747,0.475
1748,0.311
1749,0.469
1750,0.308
1751,0.47
1752,0.517
1753,0.482
1754,0.459
1755,0.449
1756,0.304
1757,0.382
1758,0.579
1759,0.367
1760,0.37
1761,0.296
1762,0.398
1763,0.327
1764,0.296
1765,0.414
1766,0.313
1767,0.605
1768,0.279
1769,0.152
1770,0.298
1771,0.4
1772,0.558
1773,0.468
1774,0.448
1775,0.486
1776,0.473
1777,0.289
1778,0.334
1779,0.361
1780,0.48
1781,0.16
1782,0.442
1783,0.39
1784,0.242
1785,0.174
1786,0.336
1787,0.388
1788,0.605
1789,0.491
1790,0.413
1791,0.452
1792,0.362
1793,0.488
1794,0.301
1795,0.377
1796,0.386
1797,0.511
1798,0.369
1799,0.416
1800,0.418
1801,0.542
1802,0.562
1803,0.315
1804,0.558
1805,0.305
1806,0.215
1807,0.441
1808,0.37
1809,0.522
1810,0.272
1811,0.336
1812,0.355
1813,0.539
1814,0.345
1815,0.462
1816,0.324
1817,0.399
1818,0.507
1819,0.274
1820,0.368
1821,0.407
1822,0.455
1823,0.254
1824,0.346
1825,0.523
1826,0.271
1827,0.358
1828,0.215
1829,0.223
1830,0.298
1831,0.379
1832,0.494
1833,0.471
1834,0.494
1835,0.471
1836,0.277
1837,0.099
1838,0.52
1839,0.519
1840,0.541
1841,0.311
1842,0.315
1843,0.391
1844,0.461
1845,0.625
1846,0.29
1847,0.521
1848,0.498
1849,0.266
1850,0.606
1851,0.409
1852,0.482
1853,0.501
1854,0.393
1855,0.253
1856,0.374
1857,0.449
1858,0.32
1859,0.514
1860,0.702
1861,0.409
1862,0.441
1863,0.132
1864,0.283
1865,0.256
1866,0.338
1867,0.376
1868,0.484
1869,0.468
1870,0.341
1871,0.569
1872,0.5
1873,0.213
1874,0.274
1875,0.341
1876,0.437
1877,0.385
1878,0.358
1879,0.396
1880,0.417
1881,0.538
1882,0.521
1883,0.302
1884,0.499
1885,0.164
1886,0.298
1887,0.331
1888,0.296
1889,0.433
1890,0.331
1891,0.494
1892,0.332
1893,0.347
1894,0.431
1895,0.366
1896,0.375
1897,0.531
1898,0.667
1899,0.337
1900,0.445
1901,0.381
1902,0.148
1903,0.298
1904,0.415
1905,0.393
1906,0.404
1907,0.46
1908,0.524
1909,0.6
1910,0.66
1911,0.417
1912,0.421
1913,0.496
1914,0.48
1915,0.585
1916,0.348
1917,0.392
1918,0.274
1919,0.585
1920,0.425
1921,0.204
1922,0.23
1923,0.393
1924,0.504
1925,0.493
1926,0.405
1927,0.484
1928,0.569
1929,0.475
1930,0.494
1931,0.39
1932,0.268
1933,0.422
1934,0.463
1935,0.465
1936,0.577
1937,0.393
1938,0.431
1939,0.488
1940,0.421
1941,0.513
1942,0.582
1943,0.497
1944,0.509
1945,0.343
1946,0.411
1947,0.379
1948,0.629
1949,0.321
1950,0.26
1951,0.45
1952,0.325
1953,0.569
1954,0.233
1955,0.212
1956,0.487
1957,0.403
1958,0.327
1959,0.332
1960,0.285
1961,0.345
1962,0.554
1963,0.318
1964,0.322
1965,0.68
1966,0.43
1967,0.603
1968,0.339
1969,0.501
1970,0.471
1971,0.342
1972,0.44
1973,0.468
1974,0.424
1975,0.403
1976,0.35
1977,0.546
1978,0.252
1979,0.538
1980,0.442
1981,0.424
1982,0.476
1983,0.5
1984,0.151
1985,0.381
1986,0.547
1987,0.432
1988,0.431
1989,0.345
1990,0.326
1991,0.415
1992,0.356
1993,0.425
1994,0.476
1995,0.339
1996,0.519
1997,0.299
1998,0.25
1999,0.45
2000,0.3
2001,0.405
2002,0.409
2003,0.509
2004,0.425
2005,0.435
2006,0.432
2007,0.51
2008,0.52
2009,0.379
2010,0.497
2011,0.454
2012,0.428
2013,0.391
2014,0.292
2015,0.588
2016,0.406
2017,0.396
2018,0.306
2019,0.405
2020,0.331
2021,0.45
2022,0.318
2023,0.409
2024,0.417
2025,0.406
2026,0.461
2027,0.409
2028,0.748
2029,0.313
2030,0.248
2031,0.426
2032,0.345
2033,0.3
2034,0.543
2035,0.47
2036,0.388
2037,0.367
2038,0.535
2039,0.405
2040,0.267
2041,0.354
2042,0.284
2043,0.448
2044,0.669
2045,0.341
2046,0.394
2047,0.686
2048,0.458
2049,0.403
2050,0.423
2051,0.471
2052,0.329
2053,0.569
2054,0.493
2055,0.231
2056,0.434
2057,0.326
2058,0.524
2059,0.639
2060,0.387
2061,0.451
2062,0.814
2063,0.403
2064,0.314
2065,0.477
2066,0.697
2067,0.182
2068,0.327
2069,0.345
2070,0.398
2071,0.197
2072,0.379
2073,0.459
2074,0.569
2075,0.475
2076,0.362
2077,0.482
2078,0.568
2079,0.32
2080,0.552
2081,0.191
2082,0.207
2083,0.588
2084,0.666
2085,0.289
2086,0.288
2087,0.42
2088,0.305
2089,0.43
2090,0.485
2091,0.644
2092,0.446
2093,0.534
2094,0.436
2095,0.481
2096,0.41
2097,0.303
2098,0.489
2099,0.613
2100,0.533
2101,0.362
2102,0.385
2103,0.4
2104,0.355
2105,0.482
2106,0.233
2107,0.384
2108,0.296
2109,0.451
2110,0.336
2111,0.358
2112,0.646
2113,0.63
2114,0.395
2115,0.576
2116,0.395
2117,0.459
2118,0.546
2119,0.358
2120,0.151
2121,0.435
2122,0.331
2123,0.516
2124,0.376
2125,0.416
2126,0.538
2127,0.513
2128,0.476
2129,0.22
2130,0.317
2131,0.455
2132,0.341
2133,0.693
2134,0.419
2135,0.27
2136,0.47
2137,0.579
2138,0.315
2139,0.321
2140,0.213
2141,0.436
2142,0.33
2143,0.562
2144,0.534
2145,0.221
2146,0.347
2147,0.27
2148,0.509
2149,0.338
2150,0.425
2151,0.396
2152,0.537
2153,0.452
2154,0.212
2155,0.483
2156,0.38
2157,0.476
2158,0.433
2159,0.419
2160,0.463
2161,0.479
2162,0.251
2163,0.196
2164,0.642
2165,0.48
2166,0.458
2167,0.341
2168,0.204
2169,0.565
2170,0.536
2171,0.48
2172,0.412
2173,0.363
2174,0.502
2175,0.483
2176,0.444
2177,0.296
2178,0.115
2179,0.245
2180,0.412
2181,0.391
2182,0.422
2183,0.488
2184,0.38
2185,0.294
2186,0.669
2187,0.39
2188,0.637
2189,0.486
2190,0.422
2191,0.252
2192,0.375
2193,0.22
2194,0.302
2195,0.522
2196,0.44
2197,0.474
2198,0.399
2199,0.236
2200,0.591
2201,0.5
2202,0.348
2203,0.516
2204,0.459
2205,0.553
2206,0.458
2207,0.229
2208,0.51
2209,0.291
2210,0.378
2211,0.205
2212,0.485
2213,0.415
2214,0.405
2215,0.369
2216,0.449
2217,0.106
2218,0.384
2219,0.386
2220,0.511
2221,0.253
2222,0.427
2223,0.484
2224,0.359
2225,0.543
2226,0.455
2227,0.53
2228,0.427
2229,0.597
2230,0.389
2231,0.294
2232,0.603
2233,0.5
2234,0.179
2235,0.284
2236,0.401
2237,0.404
2238,0.314
2239,0.603
2240,0.542
2241,0.257
2242,0.385
2243,0.691
2244,0.484
2245,0.438
2246,0.411
2247,0.295
2248,0.415
2249,0.394
2250,0.201
2251,0.494
2252,0.332
2253,0.161
2254,0.339
2255,0.584
2256,0.334
2257,0.346
2258,0.296
2259,0.405
2260,0.145
2261,0.5
2262,0.32
2263,0.435
2264,0.464
2265,0.33
2266,0.676
2267,0.466
2268,0.322
2269,0.25
2270,0.299
2271,0.396
2272,0.382
2273,0.335
2274,0.47
2275,0.189
2276,0.386
2277,0.23
2278,0.413
2279,0.194
2280,0.316
2281,0.644
2282,0.365
2283,0.647
2284,0.397
2285,0.403
2286,0.411
2287,0.387
2288,0.697
2289,0.819
2290,0.52
2291,0.435
2292,0.401
2293,0.497
2294,0.174
2295,0.468
2296,0.438
2297,0.547
2298,0.521
2299,0.608
2300,0.528
2301,0.352
2302,0.521
2303,0.534
2304,0.256
2305,0.244
2306,0.217
2307,0.453
2308,0.304
2309,0.412
2310,0.275
2311,0.225
2312,0.52
2313,0.292
2314,0.387
2315,0.319
2316,0.532
2317,0.665
2318,0.297
2319,0.353
2320,0.334
2321,0.604
2322,0.533
2323,0.511
2324,0.521
2325,0.18
2326,0.274
2327,0.388
2328,0.349
2329,0.313
2330,0.351
2331,0.247
2332,0.349
2333,0.355
2334,0.449
2335,0.416
2336,0.416
2337,0.34
2338,0.582
2339,0.621
2340,0.481
2341,0.502
2342,0.406
2343,0.143
2344,0.417
2345,0.381
2346,0.543
2347,0.427
2348,0.537
2349,0.542
2350,0.281
2351,0.692
2352,0.459
2353,0.402
2354,0.46
2355,0.566
2356,0.278
2357,0.488
2358,0.556
2359,0.361
2360,0.343
2361,0.481
2362,0.362
2363,0.628
2364,0.235
2365,0.334
2366,0.474
2367,0.272
2368,0.379
2369,0.569
2370,0.254
2371,0.328
2372,0.276
2373,0.58
2374,0.459
2375,0.388
2376,0.366
2377,0.572
2378,0.342
2379,0.411
2380,0.489
2381,0.391
2382,0.336
2383,0.346
2384,0.718
2385,0.312
2386,0.225
2387,0.313
2388,0.401
2389,0.462
2390,0.39
2391,0.427
2392,0.326
2393,0.335
2394,0.426
2395,0.383
2396,0.345
2397,0.317
2398,0.198
2399,0.47
2400,0.29
2401,0.306
2402,0.428
2403,0.405
2404,0.385
2405,0.311
2406,0.424
2407,0.517
2408,0.372
2409,0.299
2410,0.333
2411,0.74
2412,0.559
2413,0.603
2414,0.523
2415,0.571
2416,0.362
2417,0.293
2418,0.386
2419,0.337
2420,0.227
2421,0.525
2422,0.355
2423,0.468
2424,0.485
2425,0.33
2426,0.414
2427,0.24
2428,0.215
2429,0.549
2430,0.394
2431,0.487
2432,0.324
2433,0.755
2434,0.359
2435,0.378
2436,0.416
2437,0.472
2438,0.569
2439,0.464
2440,0.448
2441,0.444
2442,0.469
2443,0.258
2444,0.496
2445,0.443
2446,0.477
2447,0.435
2448,0.587
2449,0.314
2450,0.468
2451,0.513
2452,0.384
2453,0.731
2454,0.385
2455,0.321
2456,0.418
2457,0.452
2458,0.412
2459,0.472
2460,0.459
2461,0.3
2462,0.444
2463,0.434
2464,0.516
2465,0.496
2466,0.505
2467,0.309
2468,0.441
2469,0.335
2470,0.36
2471,0.488
2472,0.438
2473,0.283
2474,0.621
2475,0.463
2476,0.332
2477,0.108
2478,0.562
2479,0.295
2480,0.395
2481,0.391
2482,0.299
2483,0.447
2484,0.744
2485,0.402
2486,0.399
2487,0.4
2488,0.479
2489,0.17
2490,0.321
2491,0.41
2492,0.474
2493,0.245
2494,0.275
2495,0.342
2496,0.55
2497,0.26
2498,0.27
2499,0.598
2500,0.398
2501,0.274
2502,0.262
2503,0.414
2504,0.378
2505,0.478
2506,0.448
2507,0.396
2508,0.493
2509,0.549
2510,0.549
2511,0.312
2512,0.257
2513,0.444
2514,0.363
2515,0.593
2516,0.411
2517,0.271
2518,0.349
2519,0.36
2520,0.449
2521,0.415
2522,0.528
2523,0.463
2524,0.167
2525,0.559
2526,0.431
2527,0.389
2528,0.227
2529,0.246
2530,0.588
2531,0.417
2532,0.505
2533,0.699
2534,0.469
2535,0.253
2536,0.333
2537,0.366
2538,0.36
2539,0.474
2540,0.399
2541,0.457
2542,0.313
2543,0.329
2544,0.246
2545,0.4
2546,0.232
2547,0.512
2548,0.242
2549,0.451
2550,0.359
2551,0.742
2552,0.341
2553,0.419
2554,0.378
2555,0.526
2556,0.243
2557,0.363
2558,0.383
2559,0.53
2560,0.517
2561,0.222
2562,0.414
2563,0.414
2564,0.348
2565,0.37
2566,0.3
2567,0.449
2568,0.42
2569,0.39
2570,0.526
2571,0.382
2572,0.418
2573,0.47
2574,0.404
2575,0.349
2576,0.678
2577,0.455
2578,0.275
2579,0.207
2580,0.32
2581,0.506
2582,0.436
2583,0.4
2584,0.393
2585,0.336
2586,0.472
2587,0.312
2588,0.339
2589,0.59
2590,0.361
2591,0.459
2592,0.384
2593,0.34
2594,0.295
2595,0.518
2596,0.283
2597,0.378
2598,0.342
2599,0.328
2600,0.23
2601,0.261
2602,0.429
2603,0.536
2604,0.265
2605,0.486
2606,0.472
2607,0.377
2608,0.394
2609,0.281
2610,0.349
2611,0.149
2612,0.358
2613,0.545
2614,0.42
2615,0.616
2616,0.249
2617,0.591
2618,0.433
2619,0.356
2620,0.341
2621,0.481
2622,0.478
2623,0.543
2624,0.341
2625,0.503
2626,0.226
2627,0.518
2628,0.389
2629,0.311
2630,0.491
2631,0.425
2632,0.412
2633,0.434
2634,0.258
2635,0.399
2636,0.336
2637,0.434
2638,0.378
2639,0.207
2640,0.471
2641,0.44
2642,0.508
2643,0.334
2644,0.522
2645,0.327
2646,0.429
2647,0.54
2648,0.395
2649,0.408
2650,0.554
2651,0.627
2652,0.202
2653,0.315
2654,0.45
2655,0.451
2656,0.225
2657,0.387
2658,0.576
2659,0.328
2660,0.503
2661,0.329
2662,0.446
2663,0.429
2664,0.563
2665,0.491
2666,0.239
2667,0.403
2668,0.676
2669,0.426
2670,0.367
2671,0.455
2672,0.368
2673,0.523
2674,0.542
2675,0.257
2676,0.429
2677,0.446
2678,0.291
2679,0.435
2680,0.303
2681,0.419
2682,0.732
2683,0.273
2684,0.306
2685,0.178
2686,0.362
2687,0.381
2688,0.343
2689,0.427
2690,0.343
2691,0.353
2692,0.485
2693,0.389
2694,0.56
2695,0.608
2696,0.322
2697,0.374
2698,0.545
2699,0.336
2700,0.343
2701,0.324
2702,0.336
2703,0.188
2704,0.499
2705,0.271
2706,0.31
2707,0.486
2708,0.405
2709,0.455
2710,0.28
2711,0.65
2712,0.31
2713,0.442
2714,0.438
2715,0.461
2716,0.495
2717,0.465
2718,0.477
2719,0.499
2720,0.45
2721,0.416
2722,0.428
2723,0.33
2724,0.732
2725,0.436
2726,0.311
2727,0.281
2728,0.58
2729,0.154
2730,0.42
2731,0.278
2732,0.613
2733,0.508
2734,0.362
2735,0.42
2736,0.567
2737,0.321
2738,0.415
2739,0.467
2740,0.477
2741,0.294
2742,0.443
2743,0.446
2744,0.573
2745,0.36
2746,0.544
2747,0.141
2748,0.299
2749,0.393
2750,0.399
2751,0.421
2752,0.437
2753,0.535
2754,0.509
2755,0.119
2756,0.631
2757,0.522
2758,0.23
2759,0.28
2760,0.431
2761,0.313
2762,0.322
2763,0.358
2764,0.404
2765,0.418
2766,0.403
2767,0.268
2768,0.381
2769,0.367
2770,0.454
2771,0.347
2772,0.671
2773,0.44
2774,0.439
2775,0.413
2776,0.416
2777,0.435
2778,0.542
2779,0.238
2780,0.436
2781,0.466
2782,0.403
2783,0.333
2784,0.541
2785,0.481
2786,0.216
2787,0.585
2788,0.348
2789,0.438
2790,0.244
2791,0.52
2792,0.501
2793,0.438
2794,0.292
2795,0.514
2796,0.583
2797,0.436
2798,0.274
2799,0.496
2800,0.279
2801,0.373
2802,0.327
2803,0.29
2804,0.551
2805,0.377
2806,0.202
2807,0.195
2808,0.214
2809,0.57
2810,0.45
2811,0.399
2812,0.529
2813,0.463
2814,0.173
2815,0.465
2816,0.607
2817,0.279
2818,0.251
2819,0.255
2820,0.571
2821,0.205
2822,0.563
2823,0.485
2824,0.653
2825,0.45
2826,0.492
2827,0.222
2828,0.372
2829,0.471
2830,0.625
2831,0.482
2832,0.302
2833,0.368
2834,0.463
2835,0.307
2836,0.356
2837,0.505
2838,0.352
2839,0.417
2840,0.52
2841,0.409
2842,0.358
2843,0.451
2844,0.301
2845,0.383
2846,0.423
2847,0.423
2848,0.615
2849,0.537
2850,0.404
2851,0.392
2852,0.335
2853,0.456
2854,0.287
2855,0.395
2856,0.378
2857,0.318
2858,0.488
2859,0.413
2860,0.357
2861,0.362
2862,0.461
2863,0.325
2864,0.342
2865,0.211
2866,0.337
2867,0.38
2868,0.48
2869,0.463
2870,0.235
2871,0.239
2872,0.567
2873,0.396
2874,0.454
2875,0.519
2876,0.526
2877,0.536
2878,0.456
2879,0.359
2880,0.485
2881,0.423
2882,0.436
2883,0.502
2884,0.407
2885,0.459
2886,0.499
2887,0.504
2888,0.3
2889,0.206
2890,0.436
2891,0.421
2892,0.399
2893,0.488
2894,0.269
2895,0.473
2896,0.371
2897,0.309
2898,0.287
2899,0.603
2900,0.62
2901,0.67
2902,0.362
2903,0.283
2904,0.475
2905,0.343
2906,0.438
2907,0.159
2908,0.398
2909,0.341
2910,0.458
2911,0.512
2912,0.47
2913,0.274
2914,0.357
2915,0.457
2916,0.577
2917,0.402
2918,0.379
2919,0.225
2920,0.556
2921,0.322
2922,0.338
2923,0.446
2924,0.435
2925,0.568
2926,0.48
2927,0.437
2928,0.262
2929,0.325
2930,0.456
2931,0.516
2932,0.317
2933,0.367
2934,0.241
2935,0.422
2936,0.437
2937,0.606
2938,0.491
2939,0.202
2940,0.434
2941,0.408
2942,0.602
2943,0.364
2944,0.473
2945,0.416
2946,0.386
2947,0.719
2948,0.307
2949,0.346
2950,0.357
2951,0.329
2952,0.347
2953,0.618
2954,0.53
2955,0.298
2956,0.176
2957,0.126
2958,0.419
2959,0.693
2960,0.362
2961,0.305
2962,0.336
2963,0.517
2964,0.407
2965,0.432
2966,0.362
2967,0.245
2968,0.466
2969,0.329
2970,0.419
2971,0.28
2972,0.392
2973,0.396
2974,0.454
2975,0.417
2976,0.54
2977,0.467
2978,0.336
2979,0.557
2980,0.323
2981,0.43
2982,0.313
2983,0.261
2984,0.327
2985,0.321
2986,0.253
2987,0.437
2988,0.485
2989,0.245
2990,0.315
2991,0.342
2992,0.274
2993,0.66
2994,0.521
2995,0.375
2996,0.274
2997,0.338
2998,0.45
2999,0.409
3000,0.318
3001,0.416
3002,0.526
3003,0.453
3004,0.517
3005,0.373
3006,0.341
3007,0.484
3008,0.348
3009,0.523
3010,0.395
3011,0.265
3012,0.512
3013,0.358
3014,0.672
3015,0.478
3016,0.272
3017,0.363
3018,0.513
3019,0.289
3020,0.454
3021,0.422
3022,0.426
3023,0.495
3024,0.36
3025,0.504
3026,0.384
3027,0.483
3028,0.613
3029,0.322
3030,0.227
3031,0.533
3032,0.254
3033,0.315
3034,0.412
3035,0.581
3036,0.369
3037,0.258
3038,0.249
3039,0.337
3040,0.499
3041,0.323
3042,0.558
3043,0.35
3044,0.468
3045,0.432
3046,0.459
3047,0.314
3048,0.201
3049,0.415
3050,0.247
3051,0.383
3052,0.354
3053,0.202
3054,0.563
3055,0.408
3056,0.492
3057,0.271
3058,0.369
3059,0.368
3060,0.403
3061,0.403
3062,0.367
3063,0.356
3064,0.345
3065,0.505
3066,0.339
3067,0.397
3068,0.46
3069,0.266
3070,0.513
3071,0.354
3072,0.373
3073,0.473
3074,0.277
3075,0.17
3076,0.312
3077,0.209
3078,0.428
3079,0.21
3080,0.436
3081,0.482
3082,0.636
3083,0.497
3084,0.24
3085,0.38
3086,0.394
3087,0.404
3088,0.282
3089,0.313
3090,0.588
3091,0.473
3092,0.397
3093,0.352
3094,0.3
3095,0.523
3096,0.518
3097,0.292
3098,0.295
3099,0.292
3100,0.411
3101,0.309
3102,0.264
3103,0.279
3104,0.399
3105,0.465
3106,0.554
3107,0.459
3108,0.486
3109,0.324
3110,0.363
3111,0.414
3112,0.223
3113,0.491
3114,0.237
3115,0.314
3116,0.36
3117,0.238
3118,0.427
3119,0.496
3120,0.417
3121,0.498
3122,0.33
3123,0.437
3124,0.419
3125,0.399
3126,0.466
3127,0.439
3128,0.462
3129,0.395
3130,0.287
3131,0.303
3132,0.443
3133,0.505
3134,0.366
3135,0.391
3136,0.461
3137,0.684
3138,0.288
3139,0.241
3140,0.303
3141,0.365
3142,0.37
3143,0.272
3144,0.271
3145,0.538
3146,0.463
3147,0.342
3148,0.507
3149,0.571
3150,0.447
3151,0.381
3152,0.425
3153,0.29
3154,0.21
3155,0.322
3156,0.399
3157,0.389
3158,0.45
3159,0.27
3160,0.324
3161,0.465
3162,0.33
3163,0.36
3164,0.463
3165,0.393
3166,0.421
3167,0.427
3168,0.325
3169,0.41
3170,0.428
3171,0.469
3172,0.289
3173,0.402
3174,0.477
3175,0.217
3176,0.217
3177,0.25
3178,0.562
3179,0.246
3180,0.538
3181,0.422
3182,0.297
3183,0.545
3184,0.272
3185,0.411
3186,0.367
3187,0.517
3188,0.208
3189,0.509
3190,0.347
3191,0.449
3192,0.28
3193,0.35
3194,0.372
3195,0.275
3196,0.268
3197,0.351
3198,0.268
3199,0.389
3200,0.27
3201,0.53
3202,0.303
3203,0.291
3204,0.397
3205,0.347
3206,0.404
3207,0.497
3208,0.352
3209,0.357
3210,0.506
3211,0.419
3212,0.416
3213,0.336
3214,0.559
3215,0.43
3216,0.57
3217,0.391
3218,0.325
3219,0.44
3220,0.484
3221,0.558
3222,0.427
3223,0.36
3224,0.677
3225,0.404
3226,0.42
3227,0.339
3228,0.319
3229,0.502
3230,0.374
3231,0.294
3232,0.497
3233,0.554
3234,0.475
3235,0.382
3236,0.294
3237,0.274
3238,0.598
3239,0.37
3240,0.523
3241,0.412
3242,0.574
3243,0.611
3244,0.447
3245,0.385
3246,0.237
3247,0.38
3248,0.35
3249,0.273
3250,0.305
3251,0.432
3252,0.365
3253,0.306
3254,0.482
3255,0.288
3256,0.432
3257,0.363
3258,0.314
3259,0.419
3260,0.218
3261,0.44
3262,0.432
3263,0.349
3264,0.404
3265,0.3
3266,0.37
3267,0.336
3268,0.561
3269,0.518
3270,0.501
3271,0.337
3272,0.396
3273,0.301
3274,0.394
3275,0.461
3276,0.308
3277,0.461
3278,0.363
3279,0.459
3280,0.309
3281,0.329
3282,0.322
3283,0.373
3284,0.298
3285,0.315
3286,0.531
3287,0.48
3288,0.461
3289,0.473
3290,0.23
3291,0.234
3292,0.273
3293,0.361
3294,0.261
3295,0.381
3296,0.554
3297,0.382
3298,0.438
3299,0.499
3300,0.405
3301,0.306
3302,0.428
3303,0.398
3304,0.256
3305,0.415
3306,0.547
3307,0.334
3308,0.335
3309,0.172
3310,0.402
3311,0.579
3312,0.25
3313,0.304
3314,0.476
3315,0.421
3316,0.289
3317,0.494
3318,0.287
3319,0.333
3320,0.382
3321,0.331
3322,0.493
3323,0.259
3324,0.35
3325,0.392
3326,0.585
3327,0.37
3328,0.366
3329,0.336
3330,0.377
3331,0.534
3332,0.47
3333,0.439
3334,0.355
3335,0.296
3336,0.282
3337,0.235
3338,0.347
3339,0.47
3340,0.452
3341,0.508
3342,0.319
3343,0.397
3344,0.366
3345,0.433
3346,0.453
3347,0.492
3348,0.479
3349,0.459
3350,0.427
3351,0.386
3352,0.523
3353,0.324
3354,0.279
3355,0.505
3356,0.487
3357,0.401
3358,0.5
3359,0.527
3360,0.512
3361,0.608
3362,0.287
3363,0.38
3364,0.62
3365,0.489
3366,0.539
3367,0.328
3368,0.515
3369,0.463
3370,0.449
3371,0.442
3372,0.509
3373,0.312
3374,0.26
3375,0.4
3376,0.247
3377,0.561
3378,0.527
3379,0.324
3380,0.512
3381,0.38
3382,0.57
3383,0.35
3384,0.502
3385,0.54
3386,0.319
3387,0.651
3388,0.488
3389,0.335
3390,0.573
3391,0.515
3392,0.31
3393,0.334
3394,0.293
3395,0.323
3396,0.55
3397,0.416
3398,0.147
3399,0.453
3400,0.612
3401,0.463
3402,0.391
3403,0.489
3404,0.534
3405,0.482
3406,0.368
3407,0.423
3408,0.412
3409,0.166
3410,0.35
3411,0.476
3412,0.31
3413,0.45
3414,0.538
3415,0.365
3416,0.493
3417,0.332
3418,0.437
3419,0.461
3420,0.387
3421,0.523
3422,0.304
3423,0.443
3424,0.499
3425,0.432
3426,0.46
3427,0.54
3428,0.398
3429,0.444
3430,0.483
3431,0.269
3432,0.46
3433,0.455
3434,0.425
3435,0.366
3436,0.391
3437,0.484
3438,0.39
3439,0.301
3440,0.575
3441,0.232
3442,0.179
3443,0.393
3444,0.334
3445,0.514
3446,0.416
3447,0.427
3448,0.334
3449,0.294
3450,0.279
3451,0.49
3452,0.44
3453,0.523
3454,0.336
3455,0.607
3456,0.431
3457,0.374
3458,0.317
3459,0.501
3460,0.263
3461,0.348
3462,0.274
3463,0.444
3464,0.306
3465,0.114
3466,0.398
3467,0.565
3468,0.529
3469,0.137
3470,0.264
3471,0.319
3472,0.28
3473,0.317
3474,0.488
3475,0.508
3476,0.414
3477,0.646
3478,0.244
3479,0.498
3480,0.448
3481,0.259
3482,0.378
3483,0.303
3484,0.491
3485,0.474
3486,0.19
3487,0.36
3488,0.335
3489,0.571
3490,0.491
3491,0.539
3492,0.544
3493,0.568
3494,0.274
3495,0.603
3496,0.4
3497,0.505
3498,0.457
3499,0.461
3500,0.176
3501,0.445
3502,0.282
3503,0.372
3504,0.563
3505,0.423
3506,0.318
3507,0.221
3508,0.347
3509,0.603
3510,0.428
3511,0.334
3512,0.602
3513,0.357
3514,0.307
3515,0.275
3516,0.57
3517,0.313
3518,0.271
3519,0.319
3520,0.244
3521,0.266
3522,0.435
3523,0.455
3524,0.24
3525,0.447
3526,0.39
3527,0.27
3528,0.49
3529,0.376
3530,0.584
3531,0.746
3532,0.319
3533,0.405
3534,0.308
3535,0.401
3536,0.42
3537,0.375
3538,0.477
3539,0.55
3540,0.428
3541,0.383
3542,0.265
3543,0.384
3544,0.308
3545,0.575
3546,0.34
3547,0.216
3548,0.133
3549,0.41
3550,0.38
3551,0.46
3552,0.491
3553,0.459
3554,0.329
3555,0.452
3556,0.333
3557,0.293
3558,0.307
3559,0.45
3560,0.332
3561,0.187
3562,0.171
3563,0.201
3564,0.232
3565,0.475
3566,0.485
3567,0.468
3568,0.522
3569,0.41
3570,0.429
3571,0.455
3572,0.49
3573,0.242
3574,0.41
3575,0.337
3576,0.321
3577,0.372
3578,0.389
3579,0.4
3580,0.432
3581,0.223
3582,0.342
3583,0.317
3584,0.448
3585,0.203
3586,0.509
3587,0.228
3588,0.193
3589,0.429
3590,0.588
3591,0.289
3592,0.374
3593,0.361
3594,0.366
3595,0.15
3596,0.559
3597,0.364
3598,0.207
3599,0.342
3600,0.288
3601,0.367
3602,0.605
3603,0.319
3604,0.315
3605,0.516
3606,0.66
3607,0.396
3608,0.581
3609,0.579
3610,0.322
3611,0.384
3612,0.477
3613,0.376
3614,0.503
3615,0.579
3616,0.431
3617,0.385
3618,0.393
3619,0.339
3620,0.382
3621,0.32
3622,0.358
3623,0.386
3624,0.429
3625,0.412
3626,0.322
3627,0.483
3628,0.399
3629,0.434
3630,0.349
3631,0.554
3632,0.264
3633,0.09
3634,0.296
3635,0.535
3636,0.501
3637,0.295
3638,0.329
3639,0.362
3640,0.533
3641,0.561
3642,0.611
3643,0.448
3644,0.476
3645,0.362
3646,0.284
3647,0.341
3648,0.262
3649,0.223
3650,0.38
3651,0.413
3652,0.566
3653,0.36
3654,0.283
3655,0.49
3656,0.386
3657,0.437
3658,0.342
3659,0.527
3660,0.337
3661,0.441
3662,0.262
3663,0.424
3664,0.406
3665,0.511
3666,0.414
3667,0.428
3668,0.57
3669,0.201
3670,0.169
3671,0.51
3672,0.42
3673,0.474
3674,0.414
3675,0.419
3676,0.366
3677,0.369
3678,0.201
3679,0.558
3680,0.505
3681,0.431
3682,0.417
3683,0.382
3684,0.408
3685,0.35
3686,0.418
3687,0.351
3688,0.452
3689,0.449
3690,0.353
3691,0.315
3692,0.437
3693,0.258
3694,0.398
3695,0.277
3696,0.395
3697,0.474
3698,0.122
3699,0.35
3700,0.319
3701,0.516
3702,0.492
3703,0.321
3704,0.383
3705,0.371
3706,0.272
3707,0.463
3708,0.375
3709,0.272
3710,0.355
3711,0.418
3712,0.426
3713,0.186
3714,0.288
3715,0.274
3716,0.421
3717,0.379
3718,0.332
3719,0.214
3720,0.433
3721,0.341
3722,0.424
3723,0.345
3724,0.369
3725,0.502
3726,0.401
3727,0.304
3728,0.275
3729,0.397
3730,0.353
3731,0.507
3732,0.333
3733,0.382
3734,0.634
3735,0.177
3736,0.41
3737,0.459
3738,0.287
3739,0.427
3740,0.492
3741,0.317
3742,0.468
3743,0.599
3744,0.335
3745,0.506
3746,0.422
3747,0.595
3748,0.174
3749,0.515
3750,0.489
3751,0.429
3752,0.367
3753,0.458
3754,0.371
3755,0.404
3756,0.479
3757,0.38
3758,0.408
3759,0.375
3760,0.66
3761,0.413
3762,0.402
3763,0.451
3764,0.384
3765,0.369
3766,0.358
3767,0.196
3768,0.491
3769,0.53
3770,0.488
3771,0.583
3772,0.505
3773,0.449
3774,0.361
3775,0.63
3776,0.504
3777,0.406
3778,0.49
3779,0.382
3780,0.443
3781,0.611
3782,0.385
3783,0.205
3784,0.587
3785,0.358
3786,0.351
3787,0.428
3788,0.281
3789,0.355
3790,0.348
3791,0.352
3792,0.276
3793,0.238
3794,0.449
3795,0.443
3796,0.158
3797,0.365
3798,0.41
3799,0.428
3800,0.434
3801,0.489
3802,0.218
3803,0.43
3804,0.195
3805,0.421
3806,0.363
3807,0.419
3808,0.496
3809,0.598
3810,0.661
3811,0.159
3812,0.65
3813,0.35
3814,0.506
3815,0.55
3816,0.569
3817,0.256
3818,0.579
3819,0.759
3820,0.268
3821,0.405
3822,0.31
3823,0.305
3824,0.401
3825,0.377
3826,0.683
3827,0.296
3828,0.548
3829,0.362
3830,0.471
3831,0.389
3832,0.485
3833,0.413
3834,0.271
3835,0.382
3836,0.479
3837,0.596
3838,0.425
3839,0.354
3840,0.56
3841,0.358
3842,0.397
3843,0.244
3844,0.45
3845,0.418
3846,0.34
3847,0.472
3848,0.37
3849,0.328
3850,0.361
3851,0.566
3852,0.299
3853,0.356
3854,0.337
3855,0.464
3856,0.357
3857,0.285
3858,0.229
3859,0.353
3860,0.447
3861,0.447
3862,0.306
3863,0.278
3864,0.807
3865,0.412
3866,0.495
3867,0.343
3868,0.549
3869,0.502
3870,0.336
3871,0.317
3872,0.388
3873,0.339
3874,0.285
3875,0.427
3876,0.578
3877,0.466
3878,0.341
3879,0.509
3880,0.425
3881,0.347
3882,0.258
3883,0.373
3884,0.265
3885,0.52
3886,0.538
3887,0.236
3888,0.405
3889,0.558
3890,0.238
3891,0.308
3892,0.203
3893,0.425
3894,0.425
3895,0.387
3896,0.39
3897,0.545
3898,0.569
3899,0.433
3900,0.339
3901,0.461
3902,0.376
3903,0.257
3904,0.394
3905,0.353
3906,0.419
3907,0.404
3908,0.439
3909,0.367
3910,0.358
3911,0.513
3912,0.373
3913,0.43
3914,0.349
3915,0.452
3916,0.324
3917,0.44
3918,0.45
3919,0.285
3920,0.369
3921,0.647
3922,0.382
3923,0.335
3924,0.338
3925,0.674
3926,0.342
3927,0.381
3928,0.157
3929,0.412
3930,0.444
3931,0.471
3932,0.406
3933,0.392
3934,0.525
3935,0.193
3936,0.45
3937,0.473
3938,0.41
3939,0.439
3940,0.447
3941,0.532
3942,0.417
3943,0.403
3944,0.36
3945,0.627
3946,0.315
3947,0.342
3948,0.575
3949,0.668
3950,0.426
3951,0.409
3952,0.301
3953,0.335
3954,0.324
3955,0.635
3956,0.5
3957,0.331
3958,0.356
3959,0.428
3960,0.394
3961,0.301
3962,0.427
3963,0.483
3964,0.474
3965,0.307
3966,0.277
3967,0.567
3968,0.355
3969,0.411
3970,0.363
3971,0.282
3972,0.094
3973,0.212
3974,0.19
3975,0.321
3976,0.348
3977,0.403
3978,0.351
3979,0.457
3980,0.129
3981,0.191
3982,0.252
3983,0.371
3984,0.301
3985,0.45
3986,0.44
3987,0.372
3988,0.348
3989,0.313
3990,0.335
3991,0.47
3992,0.161
3993,0.396
3994,0.466
3995,0.298
3996,0.415
3997,0.297
3998,0.16
3999,0.152
4000,0.277
4001,0.337
4002,0.377
4003,0.347
4004,0.245
4005,0.272
4006,0.395
4007,0.295
4008,0.564
4009,0.416
4010,0.468
4011,0.314
4012,0.403
4013,0.35
4014,0.307
4015,0.373
4016,0.553
4017,0.293
4018,0.506
4019,0.172
4020,0.417
4021,0.276
4022,0.509
4023,0.58
4024,0.542
4025,0.477
4026,0.259
4027,0.19
4028,0.454
4029,0.508
4030,0.215
4031,0.373
4032,0.256
4033,0.441
4034,0.364
4035,0.446
4036,0.53
4037,0.482
4038,0.442
4039,0.377
4040,0.525
4041,0.467
4042,0.486
4043,0.404
4044,0.384
4045,0.389
4046,0.476
4047,0.597
4048,0.488
4049,0.662
4050,0.557
4051,0.366
4052,0.465
4053,0.46
4054,0.478
4055,0.617
4056,0.303
4057,0.479
4058,0.298
4059,0.603
4060,0.364
4061,0.509
4062,0.514
4063,0.54
4064,0.354
4065,0.33
4066,0.59
4067,0.491
4068,0.455
4069,0.238
4070,0.407
4071,0.369
4072,0.341
4073,0.335
4074,0.381
4075,0.447
4076,0.383
4077,0.455
4078,0.57
4079,0.449
4080,0.386
4081,0.24
4082,0.095
4083,0.392
4084,0.434
4085,0.344
4086,0.403
4087,0.444
4088,0.311
4089,0.446
4090,0.379
4091,0.309
4092,0.18
4093,0.368
4094,0.18
4095,0.368
4096,0.386
4097,0.581
4098,0.478
4099,0.279
4100,0.341
4101,0.282
4102,0.149
4103,0.502
4104,0.366
4105,0.405
4106,0.399
4107,0.325
4108,0.437
4109,0.233
4110,0.477
4111,0.379
4112,0.304
4113,0.404
4114,0.481
4115,0.484
4116,0.42
4117,0.551
4118,0.496
4119,0.319
4120,0.488
4121,0.388
4122,0.43
4123,0.289
4124,0.439
4125,0.176
4126,0.52
4127,0.4
4128,0.295
4129,0.19
4130,0.399
4131,0.259
4132,0.358
4133,0.476
4134,0.445
4135,0.436
4136,0.38
4137,0.266
4138,0.475
4139,0.356
4140,0.45
4141,0.294
4142,0.332
4143,0.502
4144,0.443
4145,0.271
4146,0.375
4147,0.415
4148,0.359
4149,0.295
4150,0.366
4151,0.433
4152,0.406
4153,0.222
4154,0.431
4155,0.434
4156,0.345
4157,0.503
4158,0.372
4159,0.35
4160,0.453
4161,0.308
4162,0.483
4163,0.545
4164,0.46
4165,0.476
4166,0.155
4167,0.321
4168,0.356
4169,0.434
4170,0.509
4171,0.557
4172,0.406
4173,0.457
4174,0.322
4175,0.424
4176,0.507
4177,0.418
4178,0.485
4179,0.386
4180,0.452
4181,0.435
4182,0.386
4183,0.322
4184,0.269
4185,0.429
4186,0.385
4187,0.336
4188,0.51
4189,0.42
4190,0.273
4191,0.481
4192,0.414
4193,0.549
4194,0.391
4195,0.376
4196,0.349
4197,0.284
4198,0.396
4199,0.411
4200,0.398
4201,0.486
4202,0.392
4203,0.346
4204,0.426
4205,0.416
4206,0.412
4207,0.238
4208,0.519
4209,0.535
4210,0.43
4211,0.479
4212,0.379
4213,0.572
4214,0.391
4215,0.623
4216,0.363
4217,0.306
4218,0.408
4219,0.45
4220,0.52
4221,0.347
4222,0.41
4223,0.348
4224,0.486
4225,0.505
4226,0.316
4227,0.267
4228,0.36
4229,0.376
4230,0.345
4231,0.336
4232,0.262
4233,0.375
4234,0.47
4235,0.481
4236,0.294
4237,0.383
4238,0.342
4239,0.267
4240,0.631
4241,0.267
4242,0.449
4243,0.364
4244,0.406
4245,0.496
4246,0.475
4247,0.371
4248,0.399
4249,0.137
4250,0.384
4251,0.407
4252,0.521
4253,0.512
4254,0.452
4255,0.406
4256,0.298
4257,0.445
4258,0.322
4259,0.367
4260,0.353
4261,0.332
4262,0.208
4263,0.453
4264,0.385
4265,0.567
4266,0.252
4267,0.31
4268,0.469
4269,0.446
4270,0.294
4271,0.16
4272,0.267
4273,0.368
4274,0.462
4275,0.462
4276,0.392
4277,0.275
4278,0.463
4279,0.471
4280,0.36
4281,0.595
4282,0.209
4283,0.282
4284,0.306
4285,0.352
4286,0.345
4287,0.533
4288,0.364
4289,0.637
4290,0.372
4291,0.435
4292,0.41
4293,0.555
4294,0.516
4295,0.411
4296,0.231
4297,0.465
4298,0.501
4299,0.401
4300,0.374
4301,0.31
4302,0.281
4303,0.444
4304,0.456
4305,0.363
4306,0.38
4307,0.337
4308,0.591
4309,0.428
4310,0.209
4311,0.36
4312,0.548
4313,0.523
4314,0.574
4315,0.325
4316,0.48
4317,0.391
4318,0.489
4319,0.34
4320,0.505
4321,0.317
4322,0.396
4323,0.266
4324,0.331
4325,0.312
4326,0.555
4327,0.603
4328,0.228
4329,0.562
4330,0.36
4331,0.422
4332,0.371
4333,0.513
4334,0.405
4335,0.328
4336,0.287
4337,0.299
4338,0.245
4339,0.519
4340,0.39
4341,0.531
4342,0.457
4343,0.404
4344,0.525
4345,0.335
4346,0.41
4347,0.339
4348,0.489
4349,0.236
4350,0.393
4351,0.481
4352,0.687
4353,0.422
4354,0.314
4355,0.406
4356,0.361
4357,0.532
4358,0.231
4359,0.387
4360,0.143
4361,0.455
4362,0.286
4363,0.402
4364,0.381
4365,0.199
4366,0.348
4367,0.571
4368,0.398
4369,0.496
4370,0.19
4371,0.415
4372,0.466
4373,0.164
4374,0.248
4375,0.173
4376,0.486
4377,0.403
4378,0.23
4379,0.527
4380,0.254
4381,0.537
4382,0.394
4383,0.316
4384,0.254
4385,0.525
4386,0.454
4387,0.319
4388,0.391
4389,0.435
4390,0.386
4391,0.278
4392,0.341
4393,0.507
4394,0.505
4395,0.521
4396,0.536
4397,0.254
4398,0.453
4399,0.315
4400,0.254
4401,0.338
4402,0.254
4403,0.416
4404,0.412
4405,0.269
4406,0.303
4407,0.513
4408,0.398
4409,0.393
4410,0.337
4411,0.336
4412,0.214
4413,0.615
4414,0.425
4415,0.347
4416,0.349
4417,0.328
4418,0.367
4419,0.435
4420,0.367
4421,0.35
4422,0.425
4423,0.334
4424,0.336
4425,0.512
4426,0.355
4427,0.445
4428,0.39
4429,0.522
4430,0.514
4431,0.518
4432,0.419
4433,0.221
4434,0.455
4435,0.488
4436,0.354
4437,0.314
4438,0.294
4439,0.399
4440,0.336
4441,0.299
4442,0.465
4443,0.332
4444,0.466
4445,0.368
4446,0.37
4447,0.475
4448,0.248
4449,0.333
4450,0.384
4451,0.357
4452,0.168
4453,0.28
4454,0.213
4455,0.478
4456,0.275
4457,0.541
4458,0.451
4459,0.371
4460,0.392
4461,0.411
4462,0.725
4463,0.637
4464,0.324
4465,0.385
4466,0.249
4467,0.365
4468,0.413
4469,0.568
4470,0.27
4471,0.521
4472,0.308
4473,0.393
4474,0.504
4475,0.512
4476,0.352
4477,0.265
4478,0.352
4479,0.497
4480,0.442
4481,0.58
4482,0.373
4483,0.32
4484,0.479
4485,0.641
4486,0.371
4487,0.405
4488,0.357
4489,0.429
4490,0.614
4491,0.311
4492,0.339
4493,0.265
4494,0.25
4495,0.474
4496,0.271
4497,0.539
4498,0.394
4499,0.515
4500,0.306
4501,0.323
4502,0.479
4503,0.567
4504,0.345
4505,0.347
4506,0.493
4507,0.243
4508,0.646
4509,0.439
4510,0.585
4511,0.292
4512,0.675
4513,0.368
4514,0.219
4515,0.459
4516,0.359
4517,0.658
4518,0.507
4519,0.174
4520,0.157
4521,0.402
4522,0.443
4523,0.388
4524,0.359
4525,0.457
4526,0.385
4527,0.464
4528,0.349
4529,0.396
4530,0.232
4531,0.679
4532,0.392
4533,0.287
4534,0.231
4535,0.199
4536,0.429
4537,0.45
4538,0.32
4539,0.497
4540,0.358
4541,0.226
4542,0.509
4543,0.294
4544,0.543
4545,0.338
4546,0.287
4547,0.312
4548,0.505
4549,0.39
4550,0.432
4551,0.346
4552,0.434
4553,0.242
4554,0.459
4555,0.263
4556,0.472
4557,0.329
4558,0.495
4559,0.505
4560,0.316
4561,0.246
4562,0.376
4563,0.518
4564,0.292
4565,0.362
4566,0.367
4567,0.431
4568,0.256
4569,0.193
4570,0.189
4571,0.472
4572,0.434
4573,0.285
4574,0.386
4575,0.594
4576,0.474
4577,0.11
4578,0.501
4579,0.292
4580,0.451
4581,0.391
4582,0.196
4583,0.588
4584,0.552
4585,0.711
4586,0.514
4587,0.362
4588,0.304
4589,0.49
4590,0.356
4591,0.413
4592,0.491
4593,0.425
4594,0.398
4595,0.368
4596,0.45
4597,0.329
4598,0.491
4599,0.468
4600,0.431
4601,0.208
4602,0.384
4603,0.294
4604,0.32
4605,0.476
4606,0.521
4607,0.349
4608,0.512
4609,0.56
4610,0.362
4611,0.482
4612,0.509
4613,0.615
4614,0.367
4615,0.512
4616,0.467
4617,0.489
4618,0.405
4619,0.48
4620,0.609
4621,0.415
4622,0.415
4623,0.221
4624,0.284
4625,0.265
4626,0.315
4627,0.282
4628,0.422
4629,0.244
4630,0.493
4631,0.724
4632,0.299
4633,0.428
4634,0.579
4635,0.378
4636,0.362
4637,0.515
4638,0.317
4639,0.467
4640,0.213
4641,0.582
4642,0.287
4643,0.251
4644,0.32
4645,0.323
4646,0.454
4647,0.465
4648,0.333
4649,0.601
4650,0.299
4651,0.416
4652,0.268
4653,0.257
4654,0.411
4655,0.416
4656,0.349
4657,0.353
4658,0.5
4659,0.417
4660,0.238
4661,0.427
4662,0.373
4663,0.589
4664,0.349
4665,0.415
4666,0.354
4667,0.376
4668,0.309
4669,0.522
4670,0.437
4671,0.275
4672,0.225
4673,0.555
4674,0.354
4675,0.557
4676,0.346
4677,0.317
4678,0.408
4679,0.49
4680,0.226
4681,0.39
4682,0.39
4683,0.309
4684,0.402
4685,0.397
4686,0.377
4687,0.423
4688,0.459
4689,0.388
4690,0.462
4691,0.442
4692,0.291
4693,0.434
4694,0.181
4695,0.353
4696,0.408
4697,0.479
4698,0.522
4699,0.58
4700,0.248
4701,0.425
4702,0.312
4703,0.382
4704,0.459
4705,0.509
4706,0.386
4707,0.273
4708,0.456
4709,0.271
4710,0.327
4711,0.21
4712,0.567
4713,0.41
4714,0.347
4715,0.385
4716,0.339
4717,0.452
4718,0.402
4719,0.311
4720,0.399
4721,0.503
4722,0.379
4723,0.526
4724,0.484
4725,0.443
4726,0.284
4727,0.356
4728,0.251
4729,0.54
4730,0.45
4731,0.453
4732,0.219
4733,0.434
4734,0.51
4735,0.655
4736,0.227
4737,0.488
4738,0.269
4739,0.708
4740,0.628
4741,0.465
4742,0.555
4743,0.346
4744,0.468
4745,0.486
4746,0.266
4747,0.334
4748,0.387
4749,0.482
4750,0.344
4751,0.635
4752,0.423
4753,0.444
4754,0.429
4755,0.299
4756,0.328
4757,0.371
4758,0.338
4759,0.352
4760,0.276
4761,0.431
4762,0.49
4763,0.379
4764,0.207
4765,0.204
4766,0.288
4767,0.303
4768,0.546
4769,0.432
4770,0.324
4771,0.41
4772,0.492
4773,0.429
4774,0.534
4775,0.489
4776,0.709
4777,0.306
4778,0.18
4779,0.395
4780,0.423
4781,0.236
4782,0.392
4783,0.411
4784,0.4
4785,0.313
4786,0.34
4787,0.457
4788,0.437
4789,0.373
4790,0.311
4791,0.218
4792,0.33
4793,0.442
4794,0.306
4795,0.479
4796,0.249
4797,0.273
4798,0.372
4799,0.373
4800,0.3
4801,0.437
4802,0.577
4803,0.508
4804,0.411
4805,0.496
4806,0.393
4807,0.491
4808,0.286
4809,0.331
4810,0.238
4811,0.313
4812,0.475
4813,0.416
4814,0.408
4815,0.269
4816,0.352
4817,0.465
4818,0.374
4819,0.236
4820,0.428
4821,0.387
4822,0.221
4823,0.561
4824,0.294
4825,0.359
4826,0.345
4827,0.338
4828,0.39
4829,0.408
4830,0.246
4831,0.27
4832,0.438
4833,0.477
4834,0.453
4835,0.506
4836,0.469
4837,0.264
4838,0.386
4839,0.21
4840,0.391
4841,0.285
4842,0.064
4843,0.315
4844,0.4
4845,0.424
4846,0.302
4847,0.428
4848,0.477
4849,0.342
4850,0.274
4851,0.207
4852,0.436
4853,0.277
4854,0.312
4855,0.484
4856,0.405
4857,0.318
4858,0.413
4859,0.554
4860,0.207
4861,0.341
4862,0.429
4863,0.261
4864,0.443
4865,0.427
4866,0.538
4867,0.199
4868,0.456
4869,0.442
4870,0.291
4871,0.458
4872,0.244
4873,0.282
4874,0.276
4875,0.262
4876,0.576
4877,0.667
4878,0.449
4879,0.495
4880,0.383
4881,0.434
4882,0.495
4883,0.363
4884,0.387
4885,0.383
4886,0.378
4887,0.464
4888,0.284
4889,0.418
4890,0.429
4891,0.419
4892,0.458
4893,0.6
4894,0.376
4895,0.412
4896,0.57
4897,0.459
4898,0.432
4899,0.437
4900,0.25
4901,0.251
4902,0.453
4903,0.331
4904,0.327
4905,0.303
4906,0.327
4907,0.379
4908,0.438
4909,0.32
4910,0.299
4911,0.416
4912,0.476
4913,0.432
4914,0.383
4915,0.583
4916,0.523
4917,0.385
4918,0.518
4919,0.373
4920,0.457
4921,0.417
4922,0.393
4923,0.45
4924,0.355
4925,0.211
4926,0.49
4927,0.264
4928,0.448
4929,0.167
4930,0.533
4931,0.461
4932,0.231
4933,0.29
4934,0.589
4935,0.426
4936,0.471
4937,0.679
4938,0.413
4939,0.403
4940,0.489
4941,0.171
4942,0.377
4943,0.325
4944,0.323
4945,0.43
4946,0.492
4947,0.418
4948,0.244
4949,0.359
4950,0.473
4951,0.426
4952,0.386
4953,0.289
4954,0.347
4955,0.334
4956,0.503
4957,0.289
4958,0.24
4959,0.325
4960,0.303
4961,0.388
4962,0.639
4963,0.402
4964,0.526
4965,0.371
4966,0.544
4967,0.351
4968,0.413
4969,0.424
4970,0.445
4971,0.243
4972,0.282
4973,0.29
4974,0.374
4975,0.49
4976,0.31
4977,0.474
4978,0.294
4979,0.431
4980,0.392
4981,0.231
4982,0.312
4983,0.241
4984,0.375
4985,0.323
4986,0.417
4987,0.231
4988,0.513
4989,0.433
4990,0.491
4991,0.531
4992,0.473
4993,0.439
4994,0.583
4995,0.497
4996,0.289
4997,0.365
4998,0.47
4999,0.412
5000,0.506
5001,0.342
5002,0.307
5003,0.282
5004,0.417
5005,0.274
5006,0.323
5007,0.275
5008,0.388
5009,0.325
5010,0.594
5011,0.431
5012,0.318
5013,0.43
5014,0.34
5015,0.55
5016,0.434
5017,0.44
5018,0.375
5019,0.537
5020,0.205
5021,0.238
5022,0.386
5023,0.453
5024,0.225
5025,0.355
5026,0.24
5027,0.408
5028,0.396
5029,0.24
5030,0.3
5031,0.301
5032,0.307
5033,0.42
5034,0.471
5035,0.53
5036,0.558
5037,0.495
5038,0.438
5039,0.248
5040,0.476
5041,0.425
5042,0.597
5043,0.554
5044,0.619
5045,0.386
5046,0.381
5047,0.579
5048,0.595
5049,0.451
5050,0.373
5051,0.171
5052,0.383
5053,0.517
5054,0.448
5055,0.182
5056,0.469
5057,0.401
5058,0.414
5059,0.279
5060,0.517
5061,0.317
5062,0.301
5063,0.415
5064,0.47
5065,0.397
5066,0.329
5067,0.442
5068,0.403
5069,0.437
5070,0.261
5071,0.459
5072,0.373
5073,0.335
5074,0.477
5075,0.394
5076,0.224
5077,0.43
5078,0.438
5079,0.532
5080,0.416
5081,0.415
5082,0.549
5083,0.336
5084,0.674
5085,0.442
5086,0.244
5087,0.355
5088,0.457
5089,0.194
5090,0.37
5091,0.396
5092,0.228
5093,0.482
5094,0.443
5095,0.419
5096,0.383
5097,0.394
5098,0.345
5099,0.221
5100,0.191
5101,0.486
5102,0.348
5103,0.427
5104,0.407
5105,0.45
5106,0.159
5107,0.393
5108,0.227
5109,0.413
5110,0.341
5111,0.208
5112,0.5
5113,0.229
5114,0.488
5115,0.301
5116,0.482
5117,0.178
5118,0.412
5119,0.471
5120,0.351
5121,0.479
5122,0.382
5123,0.375
5124,0.371
5125,0.518
5126,0.174
5127,0.592
5128,0.659
5129,0.456
5130,0.323
5131,0.558
5132,0.788
5133,0.425
5134,0.442
5135,0.368
5136,0.534
5137,0.211
5138,0.3
5139,0.631
5140,0.45
5141,0.396
5142,0.314
5143,0.531
5144,0.45
5145,0.421
5146,0.626
5147,0.42
5148,0.387
5149,0.524
5150,0.459
5151,0.553
5152,0.327
5153,0.442
5154,0.449
5155,0.486
5156,0.309
5157,0.316
5158,0.4
5159,0.428
5160,0.447
5161,0.331
5162,0.279
5163,0.274
5164,0.524
5165,0.251
5166,0.266
5167,0.253
5168,0.43
5169,0.594
5170,0.419
5171,0.5
5172,0.534
5173,0.296
5174,0.471
5175,0.357
5176,0.579
5177,0.407
5178,0.425
5179,0.253
5180,0.412
5181,0.482
5182,0.352
5183,0.402
5184,0.5
5185,0.2
5186,0.266
5187,0.393
5188,0.371
5189,0.376
5190,0.419
5191,0.443
5192,0.459
5193,0.319
5194,0.518
5195,0.374
5196,0.359
5197,0.428
5198,0.441
5199,0.239
5200,0.268
5201,0.31
5202,0.44
5203,0.396
5204,0.552
5205,0.371
5206,0.199
5207,0.588
5208,0.253
5209,0.447
5210,0.43
5211,0.338
5212,0.295
5213,0.444
5214,0.381
5215,0.279
5216,0.506
5217,0.63
5218,0.186
5219,0.634
5220,0.346
5221,0.231
5222,0.418
5223,0.334
5224,0.472
5225,0.519
5226,0.378
5227,0.487
5228,0.567
5229,0.348
5230,0.532
5231,0.382
5232,0.73
5233,0.358
5234,0.496
5235,0.302
5236,0.433
5237,0.325
5238,0.524
5239,0.392
5240,0.157
5241,0.47
5242,0.361
5243,0.438
5244,0.159
5245,0.41
5246,0.445
5247,0.399
5248,0.37
5249,0.462
5250,0.312
5251,0.316
5252,0.386
5253,0.333
5254,0.338
5255,0.531
5256,0.663
5257,0.553
5258,0.483
5259,0.525
5260,0.401
5261,0.303
5262,0.321
5263,0.279
5264,0.444
5265,0.318
5266,0.377
5267,0.361
5268,0.183
5269,0.316
5270,0.532
5271,0.314
5272,0.519
5273,0.759
5274,0.296
5275,0.389
5276,0.346
5277,0.238
5278,0.578
5279,0.458
5280,0.302
5281,0.525
5282,0.438
5283,0.343
5284,0.254
5285,0.249
5286,0.5
5287,0.363
5288,0.443
5289,0.471
5290,0.499
5291,0.513
5292,0.513
5293,0.548
5294,0.183
5295,0.368
5296,0.368
5297,0.457
5298,0.313
5299,0.544
5300,0.501
5301,0.528
5302,0.46
5303,0.648
5304,0.471
5305,0.452
5306,0.437
5307,0.522
5308,0.325
5309,0.408
5310,0.308
5311,0.173
5312,0.28
5313,0.438
5314,0.578
5315,0.47
5316,0.518
5317,0.62
5318,0.412
5319,0.217
5320,0.545
5321,0.281
5322,0.355
5323,0.404
5324,0.36
5325,0.441
5326,0.247
5327,0.405
5328,0.442
5329,0.4
5330,0.346
5331,0.289
5332,0.372
5333,0.425
5334,0.338
5335,0.372
5336,0.377
5337,0.327
5338,0.312
5339,0.542
5340,0.489
5341,0.412
5342,0.202
5343,0.347
5344,0.486
5345,0.451
5346,0.304
5347,0.369
5348,0.273
5349,0.406
5350,0.512
5351,0.489
5352,0.367
5353,0.318
5354,0.399
5355,0.419
5356,0.431
5357,0.264
5358,0.366
5359,0.431
5360,0.401
5361,0.413
5362,0.386
5363,0.329
5364,0.37
5365,0.465
5366,0.265
5367,0.587
5368,0.499
5369,0.318
5370,0.427
5371,0.492
5372,0.308
5373,0.566
5374,0.626
5375,0.286
5376,0.393
5377,0.4
5378,0.411
5379,0.37
5380,0.237
5381,0.336
5382,0.387
5383,0.321
5384,0.216
5385,0.36
5386,0.382
5387,0.233
5388,0.381
5389,0.393
5390,0.333
5391,0.24
5392,0.435
5393,0.286
5394,0.314
5395,0.44
5396,0.372
5397,0.407
5398,0.327
5399,0.336
5400,0.368
5401,0.39
5402,0.411
5403,0.341
5404,0.327
5405,0.347
5406,0.369
5407,0.492
5408,0.323
5409,0.206
5410,0.492
5411,0.258
5412,0.381
5413,0.425
5414,0.351
5415,0.593
5416,0.56
5417,0.415
5418,0.309
5419,0.697
5420,0.361
5421,0.331
5422,0.328
5423,0.369
5424,0.385
5425,0.168
5426,0.487
5427,0.273
5428,0.387
5429,0.494
5430,0.52
5431,0.471
5432,0.219
5433,0.54
5434,0.293
5435,0.394
5436,0.217
5437,0.408
5438,0.294
5439,0.365
5440,0.345
5441,0.51
5442,0.258
5443,0.306
5444,0.553
5445,0.352
5446,0.392
5447,0.609
5448,0.317
5449,0.591
5450,0.198
5451,0.562
5452,0.39
5453,0.524
5454,0.542
5455,0.356
5456,0.408
5457,0.459
5458,0.445
5459,0.428
5460,0.454
5461,0.305
5462,0.519
5463,0.442
5464,0.39
5465,0.477
5466,0.425
5467,0.543
5468,0.621
5469,0.329
5470,0.405
5471,0.44
5472,0.706
5473,0.388
5474,0.408
5475,0.488
5476,0.411
5477,0.208
5478,0.442
5479,0.372
5480,0.552
5481,0.285
5482,0.354
5483,0.64
5484,0.371
5485,0.383
5486,0.49
5487,0.488
5488,0.416
5489,0.407
5490,0.521
5491,0.528
5492,0.612
5493,0.347
5494,0.52
5495,0.549
5496,0.34
5497,0.3
5498,0.366
5499,0.402
5500,0.48
5501,0.502
5502,0.428
5503,0.29
5504,0.314
5505,0.274
5506,0.479
5507,0.459
5508,0.371
5509,0.45
5510,0.501
5511,0.462
5512,0.384
5513,0.559
5514,0.222
5515,0.482
5516,0.545
5517,0.583
5518,0.401
5519,0.481
5520,0.268
5521,0.44
5522,0.403
5523,0.351
5524,0.355
5525,0.333
5526,0.466
5527,0.487
5528,0.356
5529,0.364
5530,0.367
5531,0.223
5532,0.324
5533,0.417
5534,0.402
5535,0.347
5536,0.184
5537,0.227
5538,0.311
5539,0.285
5540,0.178
5541,0.538
5542,0.331
5543,0.257
5544,0.456
5545,0.292
5546,0.323
5547,0.316
5548,0.447
5549,0.427
5550,0.267
5551,0.44
5552,0.337
5553,0.772
5554,0.241
5555,0.562
5556,0.321
5557,0.382
5558,0.424
5559,0.334
5560,0.346
5561,0.411
5562,0.426
5563,0.455
5564,0.48
5565,0.487
5566,0.348
5567,0.389
5568,0.464
5569,0.496
5570,0.277
5571,0.482
5572,0.323
5573,0.245
5574,0.357
5575,0.41
5576,0.509
5577,0.428
5578,0.391
5579,0.222
5580,0.411
5581,0.307
5582,0.227
5583,0.271
5584,0.458
5585,0.401
5586,0.463
5587,0.612
5588,0.43
5589,0.585
5590,0.364
5591,0.306
5592,0.312
5593,0.483
5594,0.473
5595,0.386
5596,0.335
5597,0.313
5598,0.256
5599,0.353
5600,0.415
5601,0.192
5602,0.372
5603,0.297
5604,0.505
5605,0.47
5606,0.455
5607,0.448
5608,0.187
5609,0.502
5610,0.336
5611,0.373
5612,0.556
5613,0.248
5614,0.579
5615,0.419
5616,0.399
5617,0.466
5618,0.433
5619,0.192
5620,0.232
5621,0.528
5622,0.433
5623,0.334
5624,0.359
5625,0.378
5626,0.512
5627,0.302
5628,0.533
5629,0.536
5630,0.608
5631,0.452
5632,0.43
5633,0.35
5634,0.445
5635,0.306
5636,0.323
5637,0.189
5638,0.376
5639,0.182
5640,0.472
5641,0.437
5642,0.514
5643,0.197
5644,0.203
5645,0.527
5646,0.569
5647,0.436
5648,0.354
5649,0.218
5650,0.3
5651,0.321
5652,0.501
5653,0.612
5654,0.352
5655,0.494
5656,0.493
5657,0.493
5658,0.418
5659,0.319
5660,0.402
5661,0.43
5662,0.384
5663,0.431
5664,0.364
5665,0.219
5666,0.237
5667,0.163
5668,0.378
5669,0.439
5670,0.362
5671,0.645
5672,0.473
5673,0.355
5674,0.419
5675,0.389
5676,0.4
5677,0.292
5678,0.357
5679,0.275
5680,0.463
5681,0.487
5682,0.208
5683,0.385
5684,0.248
5685,0.354
5686,0.19
5687,0.336
5688,0.514
5689,0.508
5690,0.407
5691,0.474
5692,0.151
5693,0.298
5694,0.615
5695,0.364
5696,0.55
5697,0.395
5698,0.405
5699,0.479
5700,0.382
5701,0.656
5702,0.459
5703,0.606
5704,0.54
5705,0.524
5706,0.428
5707,0.37
5708,0.478
5709,0.379
5710,0.496
5711,0.283
5712,0.277
5713,0.24
5714,0.377
5715,0.417
5716,0.295
5717,0.405
5718,0.336
5719,0.488
5720,0.546
5721,0.547
5722,0.424
5723,0.273
5724,0.316
5725,0.455
5726,0.359
5727,0.281
5728,0.478
5729,0.374
5730,0.347
5731,0.478
5732,0.431
5733,0.445
5734,0.345
5735,0.493
5736,0.453
5737,0.731
5738,0.167
5739,0.469
5740,0.281
5741,0.147
5742,0.527
5743,0.416
5744,0.43
5745,0.398
5746,0.177
5747,0.473
5748,0.426
5749,0.318
5750,0.308
5751,0.421
5752,0.214
5753,0.372
5754,0.273
5755,0.472
5756,0.468
5757,0.339
5758,0.47
5759,0.37
5760,0.237
5761,0.599
5762,0.383
5763,0.327
5764,0.457
5765,0.57
5766,0.428
5767,0.604
5768,0.266
5769,0.268
5770,0.388
5771,0.272
5772,0.563
5773,0.527
5774,0.538
5775,0.491
5776,0.512
5777,0.462
5778,0.406
5779,0.408
5780,0.427
5781,0.43
5782,0.261
5783,0.187
5784,0.366
5785,0.347
5786,0.277
5787,0.354
5788,0.141
5789,0.53
5790,0.405
5791,0.243
5792,0.383
5793,0.299
5794,0.289
5795,0.159
5796,0.226
5797,0.31
5798,0.451
5799,0.442
5800,0.305
5801,0.586
5802,0.389
5803,0.417
5804,0.418
5805,0.348
5806,0.416
5807,0.511
5808,0.432
5809,0.536
5810,0.555
5811,0.207
5812,0.768
5813,0.367
5814,0.571
5815,0.435
5816,0.415
5817,0.554
5818,0.414
5819,0.272
5820,0.351
5821,0.432
5822,0.325
5823,0.457
5824,0.334
5825,0.377
5826,0.452
5827,0.336
5828,0.293
5829,0.454
5830,0.496
5831,0.391
5832,0.464
5833,0.376
5834,0.511
5835,0.541
5836,0.356
5837,0.238
5838,0.454
5839,0.411
5840,0.572
5841,0.552
5842,0.368
5843,0.49
5844,0.361
5845,0.765
5846,0.552
5847,0.517
5848,0.598
5849,0.438
5850,0.16
5851,0.456
5852,0.286
5853,0.308
5854,0.648
5855,0.275
5856,0.533
5857,0.342
5858,0.515
5859,0.428
5860,0.444
5861,0.253
5862,0.26
5863,0.32
5864,0.359
5865,0.294
5866,0.449
5867,0.302
5868,0.525
5869,0.197
5870,0.547
5871,0.368
5872,0.397
5873,0.486
5874,0.442
5875,0.353
5876,0.403
5877,0.412
5878,0.46
5879,0.435
5880,0.503
5881,0.356
5882,0.594
5883,0.189
5884,0.542
5885,0.326
5886,0.485
5887,0.526
5888,0.457
5889,0.401
5890,0.373
5891,0.469
5892,0.568
5893,0.508
5894,0.505
5895,0.302
5896,0.437
5897,0.536
5898,0.418
5899,0.458
5900,0.332
5901,0.252
5902,0.32
5903,0.447
5904,0.359
5905,0.491
5906,0.181
5907,0.435
5908,0.352
5909,0.357
5910,0.411
5911,0.527
5912,0.461
5913,0.215
5914,0.416
5915,0.29
5916,0.238
5917,0.283
5918,0.412
5919,0.489
5920,0.39
5921,0.303
5922,0.348
5923,0.426
5924,0.37
5925,0.613
5926,0.444
5927,0.388
5928,0.242
5929,0.43
5930,0.472
5931,0.303
5932,0.388
5933,0.606
5934,0.443
5935,0.389
5936,0.295
5937,0.493
5938,0.367
5939,0.202
5940,0.365
5941,0.37
5942,0.305
5943,0.546
5944,0.393
5945,0.361
5946,0.427
5947,0.567
5948,0.377
5949,0.424
5950,0.249
5951,0.352
5952,0.36
5953,0.431
5954,0.334
5955,0.427
5956,0.414
5957,0.4
5958,0.308
5959,0.363
5960,0.294
5961,0.348
5962,0.498
5963,0.373
5964,0.341
5965,0.398
5966,0.472
5967,0.253
5968,0.456
5969,0.412
5970,0.319
5971,0.263
5972,0.249
5973,0.459
5974,0.441
5975,0.457
5976,0.308
5977,0.643
5978,0.414
5979,0.354
5980,0.457
5981,0.372
5982,0.279
5983,0.321
5984,0.115
5985,0.302
5986,0.401
5987,0.457
5988,0.204
5989,0.186
5990,0.286
5991,0.564
5992,0.699
5993,0.391
5994,0.394
5995,0.382
5996,0.239
5997,0.543
5998,0.487
5999,0.333
